2549,0,0,0,0,0,1,2,1
2631,1,1,1,1,1,0,3,2
2603,1,1,1,1,1,0,5,2
2769,1,0,0,1,0,0,6,2
1411,1,0,1,1,1,0,2,1
1067,0,1,0,1,0,0,1,1
3220,0,0,1,1,0,1,8,3
700,0,1,0,1,1,1,4,0
1099,1,0,0,1,0,0,7,0
513,1,1,1,1,0,0,5,0
3946,1,1,0,0,0,0,5,3
3826,1,0,1,1,1,1,8,3
1482,0,0,0,1,0,0,4,1
2680,1,0,0,1,0,1,4,2
373,0,0,1,1,0,1,1,0
568,0,0,0,1,1,1,2,0
3554,0,0,1,1,0,1,8,3
3752,0,1,1,1,1,0,3,3
1835,1,1,0,1,1,0,5,1
2337,1,0,0,0,1,1,4,1
2819,0,1,0,1,1,0,7,3
3283,1,0,0,1,0,0,2,3
1433,0,1,0,0,0,1,4,1
1037,1,1,1,1,0,0,3,0
2583,0,1,1,1,0,0,3,1
2782,1,1,1,1,1,1,8,2
3763,1,1,1,1,0,1,4,3
3286,0,0,1,1,1,0,7,3
2373,0,1,1,1,1,1,2,2
478,0,0,0,1,0,1,5,0
3532,1,1,0,0,0,1,7,3
508,1,0,0,1,1,1,8,0
2227,1,0,1,1,1,1,1,1
3845,1,1,1,1,1,0,4,3
1262,1,0,0,1,0,0,8,0
1326,0,1,0,1,0,0,8,1
2113,1,1,0,1,0,1,4,1
3429,1,1,1,1,1,0,2,3
3169,0,1,1,1,0,1,6,2
2150,0,1,0,1,1,0,2,2
2484,0,0,0,1,0,1,1,2
3339,1,0,1,1,1,0,2,3
1878,1,1,1,1,1,0,2,1
1629,0,0,1,1,1,0,3,1
504,1,0,1,1,1,0,2,0
1152,0,0,0,0,1,1,3,1
3587,1,1,0,1,0,0,8,3
2296,1,1,1,1,0,1,7,1
1270,1,1,1,1,0,1,8,0
3238,0,1,0,0,0,0,8,3
2059,1,1,1,1,0,1,3,2
2053,0,1,0,0,1,0,8,2
3112,1,1,1,1,1,0,2,3
1440,0,1,1,1,0,1,3,1
2908,1,1,0,0,1,0,7,2
2552,0,1,1,1,0,0,3,2
905,1,1,0,1,1,1,8,0
3963,0,1,1,1,0,1,3,3
2056,0,0,0,0,0,0,6,1
2910,0,1,1,1,1,1,5,2
1457,0,0,0,1,1,0,3,1
431,1,0,1,1,1,1,8,0
470,1,1,1,1,1,0,2,0
2148,0,0,1,1,1,1,2,2
2955,0,1,1,1,0,0,3,2
3366,0,1,1,1,1,0,3,3
3068,1,0,1,1,1,0,4,3
3834,0,0,0,0,0,0,3,3
1050,0,1,0,1,0,1,2,0
3993,0,1,1,1,1,0,4,3
3378,1,1,1,1,1,1,7,3
2192,1,0,1,1,0,1,4,2
392,0,0,1,1,0,0,3,0
3709,0,0,0,1,1,1,1,3
590,1,1,0,0,1,0,4,0
1814,0,1,1,1,0,1,6,1
907,0,0,1,1,1,0,3,0
1449,1,1,0,0,0,1,1,0
3448,1,1,1,1,0,1,4,3
1837,0,1,0,0,1,1,6,1
3464,1,1,1,1,1,1,7,3
2593,0,1,1,1,1,0,4,2
3484,1,1,0,0,1,1,5,3
2009,0,0,0,1,0,0,3,1
2048,1,1,1,1,1,1,1,1
837,1,0,0,0,0,1,8,1
854,1,1,0,0,1,1,5,0
3210,1,1,1,1,0,0,3,3
2746,0,1,0,1,1,1,5,2
2334,0,1,0,1,0,1,4,2
2822,0,1,1,1,1,0,3,3
1971,1,1,1,1,1,0,7,2
1410,0,1,1,1,1,1,7,0
349,1,0,1,1,0,1,6,0
1418,0,1,0,0,1,0,3,1
3616,1,0,0,1,1,1,3,3
880,0,0,1,1,1,0,5,0
1601,1,0,1,1,0,0,6,2
1412,0,0,0,0,1,0,2,0
1692,0,0,0,1,0,0,7,1
2600,1,0,1,1,0,0,6,3
1308,1,0,1,1,0,1,8,1
2413,0,0,0,1,0,0,5,1
1047,1,1,1,1,1,0,4,0
1204,0,1,1,1,1,1,7,0
1799,0,1,1,1,0,1,4,1
2676,0,1,0,0,1,1,5,3
2597,1,0,0,1,0,0,5,3
3029,1,1,0,1,1,1,1,3
2343,1,0,0,1,1,1,1,3
2016,0,1,1,1,1,0,3,1
2213,1,0,0,0,0,0,7,1
790,0,1,1,1,1,0,6,0
3182,1,1,0,1,1,0,5,2
3472,0,0,1,1,0,1,7,3
2871,1,0,1,1,1,1,7,3
3187,1,0,0,1,0,0,8,2
1945,1,0,1,1,1,0,3,1
488,0,1,0,0,1,0,1,0
1214,0,0,0,1,0,0,3,1
2598,1,1,0,0,1,0,8,2
3242,1,1,1,1,1,0,4,3
3534,1,1,0,0,1,0,3,3
3426,0,0,1,1,1,1,2,3
2488,0,0,1,1,0,0,5,2
3255,0,0,0,0,0,1,1,3
2863,1,1,1,1,0,1,4,2
1496,0,0,1,1,1,1,6,1
3801,0,1,0,1,0,1,3,3
666,0,0,1,1,1,0,6,0
3799,0,1,0,1,0,1,7,3
1366,0,1,0,1,1,1,1,1
2962,0,0,0,1,1,1,7,2
2399,0,1,0,1,1,1,8,1
2338,1,1,0,0,0,0,4,2
2700,1,0,0,0,0,1,5,2
2235,1,1,0,1,0,0,6,1
3825,0,1,1,1,1,1,8,3
284,0,1,1,1,1,0,7,0
1427,0,1,0,0,1,0,8,0
1324,0,1,1,1,0,1,1,2
398,0,1,1,1,0,0,3,0
3685,1,0,1,1,1,1,1,3
2390,0,1,0,1,0,1,7,2
278,0,0,1,1,1,0,3,0
3556,0,1,1,1,0,0,2,3
2196,0,0,0,0,1,1,2,1
3799,0,1,1,1,0,0,7,3
2268,0,0,0,0,1,1,3,2
2965,0,0,1,1,0,0,1,2
2341,1,0,1,1,1,1,5,1
3557,0,1,0,0,1,1,7,3
1354,1,0,1,1,0,0,6,1
2147,0,0,1,1,1,0,2,2
505,0,1,0,0,1,1,2,0
1394,0,1,1,1,1,0,1,1
374,0,0,1,1,0,1,4,0
506,0,0,1,1,1,1,6,0
3702,0,0,0,0,0,0,6,3
1078,0,1,0,0,0,0,1,1
2945,1,1,1,1,1,1,5,2
2981,1,1,0,1,1,1,6,2
490,0,1,1,1,1,1,5,0
536,0,0,0,1,0,1,1,0
2317,0,1,1,1,0,1,8,2
3704,0,1,1,1,0,1,4,3
2126,1,0,1,1,0,0,8,1
2050,1,0,1,1,1,1,6,2
2462,0,0,1,1,0,0,7,3
1260,0,1,0,1,0,0,4,1
3770,1,1,1,1,1,0,7,3
1886,0,0,1,1,1,0,5,1
3323,1,1,1,1,1,1,4,2
2060,0,1,1,1,0,0,5,2
3926,0,1,1,1,0,0,5,3
2177,0,1,1,1,1,1,6,2
728,0,0,0,0,0,1,7,0
2478,0,1,0,1,0,0,5,3
2842,0,1,1,1,0,0,2,2
1617,1,1,0,0,0,1,7,1
1472,1,0,1,1,0,0,1,0
764,1,0,0,1,0,0,6,0
2337,0,0,0,0,1,1,8,2
3965,1,1,0,1,0,0,4,3
3693,1,0,0,1,1,0,5,3
797,1,1,1,1,1,0,3,0
1687,0,0,1,1,0,0,6,2
2940,1,1,1,1,1,1,1,3
1545,1,0,1,1,1,0,1,1
3834,0,1,0,1,1,1,5,3
2505,0,0,0,1,1,0,1,1
2243,1,1,1,1,0,0,5,2
3600,1,1,1,1,1,1,8,3
3971,1,0,1,1,1,1,2,3
2844,0,0,0,1,1,0,4,2
2227,0,0,1,1,1,0,7,2
1665,0,1,1,1,1,1,3,2
3355,0,0,1,1,0,1,3,3
1866,0,0,0,1,1,1,4,1
1287,0,1,1,1,0,0,3,1
1046,1,0,1,1,0,1,1,0
1441,1,1,1,1,1,1,7,1
690,0,0,1,1,0,1,3,0
2504,0,1,0,1,0,0,7,2
2677,1,0,0,1,0,0,6,2
2243,0,1,1,1,0,1,8,2
2984,0,1,1,1,0,1,6,2
1362,0,0,0,0,0,1,5,1
3629,1,1,1,1,1,1,7,3
3559,1,1,1,1,1,0,6,3
2571,0,1,0,1,0,1,3,2
2107,1,0,0,1,0,1,8,2
1022,1,0,0,0,0,0,5,0
2844,0,0,1,1,1,0,5,2
711,0,1,1,1,1,0,1,0
3117,1,0,1,1,1,1,3,3
978,0,1,1,1,0,1,8,0
1869,0,0,1,1,1,1,5,1
1179,0,0,1,1,0,1,3,1
3844,0,0,0,0,1,0,5,3
593,1,1,1,1,0,1,5,0
588,0,0,1,1,1,1,2,0
3836,1,1,0,0,0,0,4,3
2669,1,1,1,1,0,0,6,2
2958,1,1,0,0,0,0,4,3
3031,1,0,1,1,1,1,2,3
3388,1,1,1,1,1,1,1,3
2377,1,1,0,0,1,0,8,2
2458,0,1,1,1,0,1,4,2
2766,0,0,0,0,1,1,3,3
3054,0,0,0,0,0,0,5,3
3791,1,1,0,0,1,1,1,3
625,0,1,1,1,0,0,8,0
2227,0,1,0,1,1,0,3,1
3256,0,0,1,1,1,0,2,2
707,1,0,1,1,1,0,1,0
1457,0,0,0,1,0,1,5,1
3755,1,1,1,1,1,1,5,3
1733,0,0,0,1,0,1,7,1
720,1,0,0,1,1,1,4,0
3560,1,0,1,1,1,1,8,2
2311,0,1,0,1,0,0,7,2
3846,1,0,1,1,0,0,6,3
1717,0,0,0,1,1,1,5,2
3704,0,0,1,1,0,0,7,3
3800,1,1,0,1,0,0,7,3
278,1,1,0,0,0,1,2,0
1767,0,0,1,1,1,0,4,1
1846,1,0,0,1,0,1,5,1
829,1,1,1,1,0,0,2,0
2986,0,1,0,0,1,1,2,2
2394,0,0,0,0,0,0,5,2
2169,1,1,1,1,1,1,8,1
1181,0,1,0,1,1,1,4,0
575,1,1,0,0,0,0,1,0
2977,1,0,1,1,0,0,7,2
532,1,0,1,1,1,1,4,0
1702,1,1,0,1,1,1,7,1
1074,0,1,1,1,1,0,3,0
3352,1,1,1,1,1,1,6,3
1027,0,1,1,1,0,0,7,1
2039,0,1,0,1,1,1,4,1
461,1,0,1,1,0,0,1,0
527,0,0,0,0,1,0,4,0
3271,0,0,0,1,0,1,2,3
606,1,0,1,1,1,1,2,1
2513,0,0,1,1,1,0,6,3
1675,0,1,1,1,1,1,6,1
2698,1,1,0,1,1,0,5,2
1129,1,1,0,0,1,0,1,1
468,0,0,1,1,1,0,7,0
1210,0,1,1,1,1,1,8,0
3086,1,1,1,1,1,1,1,3
1595,1,1,0,1,0,1,3,1
2332,0,1,1,1,1,1,2,2
2589,0,0,0,1,1,1,4,2
3760,0,0,1,1,1,1,4,3
1851,1,1,1,1,1,0,4,1
417,0,0,1,1,0,1,7,0
294,1,0,0,0,0,1,8,0
3576,1,0,1,1,0,0,6,3
3945,0,1,1,1,0,1,3,3
927,1,0,1,1,0,1,7,1
2044,0,0,1,1,0,1,3,1
2334,1,1,0,1,0,0,8,2
1477,0,0,1,1,0,0,1,1
3161,1,1,0,0,0,0,7,3
3660,0,0,1,1,1,0,8,3
1604,0,1,1,1,0,1,1,1
2211,1,1,0,0,0,1,6,1
3822,1,1,0,0,1,1,2,3
3922,0,1,0,0,0,1,7,3
1203,1,0,0,1,1,1,6,2
2822,0,0,1,1,1,1,5,3
447,0,1,1,1,1,0,5,0
1652,0,0,1,1,0,0,7,1
3608,1,0,0,0,1,0,8,3
1228,1,0,0,1,0,1,6,1
666,1,1,0,0,1,0,8,0
1499,1,1,1,1,0,1,7,1
3321,1,0,0,1,1,0,1,3
1206,1,1,0,0,1,1,6,0
952,1,0,1,1,0,1,1,0
3927,1,1,0,0,1,1,2,3
311,0,0,1,1,0,0,2,0
955,0,0,0,1,1,1,3,1
1109,0,0,1,1,1,0,3,1
2969,0,1,0,0,0,1,6,2
725,0,0,0,0,0,1,6,0
1655,1,1,0,1,0,0,4,2
3490,1,1,0,0,1,0,2,3
1774,0,0,0,0,0,0,7,2
3615,0,1,1,1,0,1,3,3
714,0,0,1,1,1,0,8,0
2768,0,1,0,0,0,1,2,2
3739,0,0,0,1,0,0,8,3
610,0,0,1,1,1,0,4,1
715,1,0,1,1,0,1,2,0
663,0,0,1,1,0,0,1,0
1725,0,1,0,1,0,1,3,1
834,0,1,1,1,1,0,2,0
3865,0,1,1,1,0,0,1,3
3059,0,1,0,0,1,0,1,3
651,1,1,1,1,1,0,1,0
796,0,0,1,1,0,1,6,0
785,0,1,0,0,1,1,7,0
3252,1,1,0,0,0,0,1,2
1322,1,0,0,0,1,1,1,1
2832,0,1,0,0,1,1,1,2
1615,1,1,0,0,1,0,5,1
2125,0,0,0,0,1,1,1,1
990,0,0,1,1,0,1,6,1
1595,0,1,1,1,1,0,4,1
1213,1,0,1,1,1,1,3,1
2500,1,1,0,0,0,1,2,2
2801,0,1,0,0,1,0,4,2
3451,1,1,0,1,1,0,3,3
1201,0,0,1,1,1,0,1,0
3139,0,0,1,1,1,0,1,2
1938,0,0,1,1,1,1,7,2
3185,0,1,0,1,0,0,3,2
2111,1,1,1,1,0,1,6,1
2369,1,1,0,1,1,0,8,2
3625,1,1,0,0,1,1,7,3
1051,0,0,0,0,0,1,1,0
1036,1,0,1,1,0,0,4,1
2938,1,0,1,1,1,1,5,2
2855,1,0,1,1,0,1,6,2
2727,1,0,1,1,0,0,1,2
2973,1,1,0,0,0,1,3,2
2581,1,0,1,1,0,1,1,1
2690,0,1,0,0,0,1,5,3
916,1,0,0,0,1,1,8,0
2563,0,0,1,1,0,0,8,2
3359,1,1,1,1,0,0,7,2
941,1,0,1,1,1,0,4,1
2280,1,1,0,0,0,0,1,2
827,0,1,1,1,0,1,7,0
473,1,1,1,1,1,0,5,0
3865,1,1,1,1,0,0,7,3
1274,0,0,0,0,0,0,7,1
364,0,1,1,1,1,0,2,0
3699,1,1,0,0,1,1,2,3
2927,0,1,1,1,0,1,4,2
1470,1,0,0,0,1,0,4,0
1050,0,1,1,1,1,0,8,0
2616,0,1,0,1,1,1,6,2
2915,0,1,0,1,1,0,8,3
2686,0,0,1,1,1,1,1,2
1243,0,1,1,1,1,1,6,1
3264,1,0,0,0,1,1,2,3
2261,0,0,1,1,1,1,7,1
2993,1,1,1,1,1,1,5,3
706,1,1,0,0,1,0,7,0
2542,1,0,1,1,0,0,5,3
2523,1,0,0,1,0,1,7,2
336,1,0,0,1,0,1,2,0
2457,1,1,1,1,1,0,6,1
418,0,0,0,0,0,1,4,0
3917,1,0,1,1,0,1,2,3
1246,1,1,0,0,0,1,7,1
2971,0,0,0,1,1,1,7,2
2324,1,0,1,1,0,1,3,2
3121,1,1,1,1,1,1,2,2
3801,1,0,1,1,0,0,1,2
3333,1,0,1,1,0,0,3,3
3475,0,0,1,1,0,0,8,3
2360,0,0,0,0,1,1,8,1
2895,0,0,0,1,1,0,7,2
3652,0,0,0,1,0,0,7,3
3097,1,1,0,0,1,0,6,3
2101,1,0,0,0,1,0,7,1
3918,1,0,0,0,1,0,4,3
3869,1,0,1,1,1,1,7,3
732,0,1,1,1,1,0,4,1
3684,0,1,1,1,0,0,2,3
3969,0,1,1,1,1,1,8,3
1414,1,1,0,1,1,0,2,0
1892,1,1,1,1,1,1,4,1
3131,0,1,1,1,1,1,1,3
2532,0,1,1,1,1,1,3,2
3215,0,1,1,1,1,1,7,3
3323,0,0,0,1,0,1,3,3
1529,1,1,1,1,0,1,4,2
2403,1,0,1,1,1,1,6,2
3419,1,1,0,1,1,0,4,3
3648,0,0,0,0,0,0,5,3
1974,1,1,1,1,0,0,5,0
2806,0,0,1,1,0,1,8,2
2239,1,1,0,1,0,1,4,2
582,1,1,1,1,1,1,5,0
3890,0,0,1,1,1,1,6,3
1141,1,1,0,0,0,1,5,1
2511,1,0,0,0,0,0,5,2
3838,0,1,0,1,0,1,3,3
2734,1,0,1,1,0,1,4,2
2330,1,0,0,0,1,0,8,1
2244,1,1,1,1,1,0,5,1
1851,0,0,1,1,1,0,7,1
808,1,0,0,1,1,0,2,0
1587,1,1,0,1,0,1,5,1
2492,0,1,0,1,1,0,3,2
2122,1,0,1,1,0,0,4,2
1122,1,0,0,0,1,1,2,0
3709,0,1,0,0,0,0,4,2
3021,0,1,1,1,0,0,3,2
624,1,1,0,1,1,1,6,0
3937,1,0,1,1,0,1,7,3
1797,0,0,1,1,1,1,6,1
1458,1,0,1,1,0,1,2,1
3348,1,1,1,1,1,0,8,3
1834,1,1,0,0,1,1,8,1
2775,0,0,1,1,0,1,1,3
1277,0,1,1,1,0,0,6,1
457,0,1,0,1,1,1,4,0
438,1,0,0,1,0,0,2,0
3210,0,1,1,1,1,1,7,3
985,0,1,0,1,1,0,6,1
3701,1,0,1,1,1,0,2,3
1052,0,0,0,0,1,0,7,0
1175,1,1,0,0,0,0,8,0
1070,0,0,0,1,1,1,7,1
3411,1,0,0,0,0,1,7,3
1175,0,1,0,0,1,0,3,1
301,0,1,1,1,0,0,7,0
489,0,1,0,0,0,1,2,0
1733,1,0,1,1,1,0,2,2
2756,0,1,0,1,0,0,5,2
2612,0,0,1,1,0,0,1,2
1724,1,1,0,0,1,1,8,1
2190,1,1,1,1,1,1,2,1
1900,1,0,1,1,0,1,3,1
3915,0,1,1,1,0,1,3,3
1043,0,0,1,1,1,0,6,0
3817,0,0,0,1,1,1,7,3
2362,1,0,1,1,1,0,3,2
1107,1,1,0,0,0,0,3,1
2982,1,0,0,1,1,0,5,3
2042,0,1,0,1,1,0,5,1
1343,1,0,1,1,1,0,4,0
2610,0,1,1,1,0,1,7,2
2335,1,0,0,1,1,1,7,2
1614,0,1,1,1,1,1,8,1
1138,1,1,0,0,1,0,2,0
604,1,1,1,1,0,0,8,0
3652,1,0,1,1,0,0,3,3
3955,0,1,1,1,1,1,4,3
258,0,0,0,1,1,1,8,0
1066,0,0,1,1,1,0,7,0
1731,1,1,0,0,0,0,1,1
3860,0,1,0,0,0,0,7,3
3630,0,1,0,0,1,0,5,3
1965,0,1,1,1,1,0,3,1
1459,1,0,1,1,1,0,4,0
2323,0,0,0,0,0,1,3,2
3291,0,0,0,1,1,1,4,2
3272,0,0,1,1,1,0,1,3
918,0,0,0,0,0,0,4,0
3488,0,0,0,0,0,1,4,3
3961,1,1,0,1,0,1,4,3
590,1,0,1,1,0,1,6,0
3701,1,0,1,1,1,0,1,3
463,1,1,0,0,0,1,5,0
3644,0,0,1,1,0,1,2,3
1713,1,0,0,1,1,1,6,1
429,0,0,1,1,1,1,4,0
2765,1,1,1,1,0,1,5,2
2084,1,1,1,1,0,0,4,2
1125,0,0,0,0,0,0,5,1
2048,0,0,1,1,1,1,3,2
1223,0,0,0,1,0,1,6,0
3672,0,0,1,1,1,1,1,3
3100,1,1,0,1,1,0,7,2
343,0,1,0,0,1,0,8,0
1970,1,0,0,1,1,0,5,1
2728,0,0,0,1,1,1,5,2
3635,1,1,0,0,0,0,3,3
2180,0,0,0,1,0,1,2,1
2488,1,1,1,1,0,0,3,2
3864,0,1,0,1,0,0,2,3
1155,1,1,0,0,0,1,8,0
3566,1,0,1,1,0,1,6,3
864,1,1,1,1,0,1,7,1
869,0,0,1,1,1,1,7,0
591,1,0,0,1,1,1,2,0
1333,1,0,0,0,1,1,1,1
2208,1,1,1,1,0,1,7,2
2610,1,1,0,0,1,1,3,2
2819,0,0,0,0,0,1,5,2
1955,1,0,0,1,0,1,3,2
3416,1,0,1,1,1,0,4,3
3803,1,1,0,0,0,1,1,3
574,1,1,0,1,0,0,1,0
2129,1,0,1,1,0,1,4,1
1948,0,1,1,1,1,1,6,1
2978,0,0,0,0,0,0,7,2
1619,0,0,1,1,1,1,8,1
3716,0,0,0,1,1,0,3,3
3454,0,0,0,0,0,1,4,3
3777,1,0,1,1,1,1,3,3
2712,1,1,1,1,0,1,1,3
1434,1,0,1,1,0,0,8,1
3968,0,1,1,1,0,1,3,3
3383,0,1,0,0,0,0,5,3
3278,0,1,1,1,0,1,2,3
3970,1,0,1,1,0,1,8,3
2674,1,1,1,1,0,0,8,2
2776,1,0,0,1,1,1,4,3
2336,0,1,1,1,0,0,2,2
2430,0,0,1,1,1,1,1,2
891,1,0,1,1,1,0,6,0
728,1,1,0,1,1,0,5,0
3886,1,0,0,1,0,0,5,3
1711,1,0,0,1,0,1,4,1
2856,1,1,0,1,1,1,7,2
2447,0,0,0,1,1,1,8,2
814,0,0,1,1,1,1,6,0
2951,1,1,0,0,1,0,4,2
3653,0,1,0,1,1,1,6,2
1891,1,1,0,0,1,0,8,1
701,1,1,0,1,0,1,1,0
3139,0,1,1,1,1,1,4,3
2811,0,1,0,1,0,1,8,1
1701,0,1,1,1,0,1,5,1
1853,0,0,1,1,1,1,2,1
2445,0,0,1,1,1,1,6,1
2287,1,1,1,1,1,0,8,1
2003,1,1,0,0,1,1,2,2
3595,1,0,1,1,1,1,1,2
1726,0,1,1,1,0,1,2,1
3952,1,1,0,0,0,1,5,3
850,1,1,0,1,1,1,8,1
1446,0,0,0,1,1,0,8,0
1300,0,0,1,1,1,0,8,1
719,1,0,1,1,1,1,4,0
988,1,1,0,0,1,1,5,0
2606,0,0,1,1,0,0,8,2
2912,0,0,0,1,1,0,1,2
2339,1,0,0,0,1,1,1,2
1028,0,1,0,1,1,1,1,0
3173,0,0,0,0,0,1,8,3
1667,0,1,0,0,0,1,2,1
1897,1,0,1,1,0,0,8,2
1214,0,0,0,0,1,1,6,1
3269,0,1,0,0,1,0,6,2
445,1,0,0,0,0,1,7,0
1073,1,0,0,1,1,0,8,0
665,1,0,0,0,0,0,2,1
3129,0,1,0,0,0,0,2,3
3501,1,1,1,1,0,0,2,3
3461,1,1,1,1,1,1,5,3
3206,0,1,1,1,1,0,6,3
3717,1,0,1,1,1,0,2,3
3917,1,1,1,1,0,1,1,3
861,0,0,0,1,0,1,7,0
2885,1,1,0,1,1,1,5,2
2777,1,1,0,1,1,0,1,2
1017,0,0,0,0,0,1,5,0
980,0,1,1,1,0,0,4,0
2775,1,0,0,1,0,0,1,3
3309,0,0,1,1,0,1,8,3
3607,1,0,1,1,1,1,3,3
1257,0,1,1,1,0,0,5,0
759,1,1,1,1,1,0,3,0
3720,1,1,0,0,1,0,3,3
475,1,1,1,1,0,1,3,0
1122,1,0,1,1,1,1,1,0
1336,1,0,0,1,0,0,4,1
1185,1,1,0,0,1,0,8,2
705,0,1,0,0,1,1,5,0
3169,1,0,0,0,0,0,5,2
3483,1,0,1,1,0,1,1,3
1183,0,0,0,0,0,1,5,1
3373,1,0,1,1,1,0,3,3
2801,1,1,0,1,1,1,4,2
565,0,1,0,0,0,1,3,0
3153,0,0,0,1,0,0,2,2
3421,1,0,0,1,1,1,8,2
316,0,0,1,1,0,0,5,0
448,1,0,1,1,0,0,7,0
2366,0,1,0,1,1,1,6,1
3881,1,1,1,1,0,1,4,3
462,1,0,0,0,0,0,8,0
1480,0,1,0,1,0,0,7,1
1087,0,1,1,1,0,0,2,1
2711,0,1,1,1,1,1,5,2
2144,1,0,1,1,1,1,7,2
1165,0,1,1,1,1,1,7,0
2998,1,0,1,1,1,0,8,2
2249,0,0,1,1,1,1,4,2
752,1,0,0,0,0,1,3,0
1409,1,1,0,0,0,0,2,1
3072,1,1,1,1,1,0,7,3
1305,1,0,0,1,0,1,3,0
3597,1,1,0,0,0,0,7,2
3132,0,1,0,0,1,1,8,2
3856,1,1,0,0,1,1,1,3
1524,1,1,0,1,1,1,1,1
3673,0,1,0,1,0,1,5,3
3293,0,1,0,1,0,1,2,2
3035,1,1,0,1,0,1,4,2
584,1,0,1,1,1,0,6,1
2675,0,1,1,1,1,0,7,2
2382,1,1,1,1,0,1,1,2
1391,0,0,1,1,0,1,4,1
2346,0,0,1,1,0,1,4,1
606,1,1,1,1,0,0,3,0
1324,1,1,0,0,1,1,3,1
1076,1,1,1,1,1,1,6,0
643,0,0,0,1,0,1,8,1
783,1,0,0,1,0,0,7,0
3809,1,0,1,1,0,1,5,3
2104,0,0,1,1,1,0,8,1
1762,0,1,0,1,1,0,3,1
3137,0,1,0,1,1,1,6,3
1756,1,0,0,1,1,1,3,1
3663,1,1,0,0,0,0,7,3
2437,1,0,1,1,0,0,8,2
1432,0,1,0,1,1,1,5,1
1620,0,1,1,1,0,0,8,1
1655,0,0,0,0,0,0,5,0
2832,0,1,0,1,0,1,7,2
961,1,0,1,1,1,0,6,0
2608,1,0,0,0,0,1,3,2
514,0,0,1,1,0,0,5,0
2304,1,1,0,0,0,1,8,2
933,1,1,1,1,1,0,5,0
1896,1,1,1,1,1,1,1,1
3655,1,1,0,1,1,0,4,3
1973,1,1,0,0,1,1,1,1
3278,1,0,0,0,0,0,7,2
2183,1,0,1,1,1,0,8,2
824,1,1,0,1,0,1,7,0
2598,0,1,0,1,1,0,7,1
1254,1,1,1,1,1,1,3,0
3622,0,1,1,1,0,1,8,3
1704,1,1,0,1,0,1,7,2
1624,0,1,1,1,1,0,4,1
3809,1,0,1,1,1,0,6,3
2574,1,0,1,1,0,1,4,2
950,0,0,0,1,0,0,3,0
273,0,0,1,1,1,1,8,0
446,0,1,1,1,1,1,3,1
1510,1,0,1,1,1,0,7,2
1122,1,0,1,1,1,1,4,0
707,1,1,1,1,1,1,4,0
751,1,1,0,0,0,0,8,0
3393,0,0,0,1,0,0,3,2
3771,0,1,0,1,0,0,6,3
1851,0,0,1,1,0,0,4,1
2735,0,1,0,1,1,0,4,2
2253,0,1,1,1,1,0,7,1
452,1,1,0,0,1,0,7,0
1419,1,0,0,0,1,0,5,0
969,0,1,1,1,0,0,3,0
3441,0,1,1,1,0,0,1,2
3786,0,0,1,1,0,0,2,3
2710,0,0,1,1,1,0,6,2
3533,0,1,0,1,1,1,6,3
1735,0,0,0,1,0,1,5,0
3587,1,0,1,1,0,0,7,3
2298,1,0,1,1,1,0,7,2
2027,1,1,1,1,0,0,1,1
2406,0,1,0,1,0,1,7,2
2419,0,0,1,1,0,1,3,1
995,0,0,0,0,1,1,7,0
2078,0,0,1,1,1,1,5,2
1145,0,1,0,0,0,1,2,0
626,0,1,1,1,1,1,4,0
1509,1,0,1,1,1,1,6,1
3371,0,0,1,1,0,1,5,3
297,0,0,0,0,1,0,4,0
3508,0,0,0,0,0,1,5,3
2385,1,0,1,1,0,0,8,1
1301,0,0,0,0,0,1,1,1
2167,1,1,1,1,0,1,3,1
3914,0,0,0,1,0,1,5,3
2312,0,1,0,1,0,0,6,2
2297,1,1,0,0,1,0,5,2
411,1,1,1,1,1,1,3,0
665,1,1,1,1,1,0,3,0
3226,1,0,0,0,1,0,1,3
740,0,0,1,1,1,0,1,0
3878,0,1,1,1,0,0,5,3
3406,0,1,0,0,0,1,7,3
2440,0,0,0,1,1,1,7,2
3959,0,1,0,1,1,0,5,3
3703,1,0,1,1,1,0,6,3
3714,1,1,0,0,1,1,2,3
337,1,0,1,1,1,0,7,0
3176,0,1,0,1,0,1,2,2
1205,1,0,1,1,0,0,8,1
2473,0,1,0,1,0,0,2,2
1229,1,1,1,1,1,0,7,0
2896,1,1,1,1,0,1,2,3
2039,0,0,0,0,1,0,3,1
520,0,1,1,1,0,1,4,0
1378,0,1,1,1,1,1,3,1
3254,0,0,0,1,0,0,5,3
1803,0,1,1,1,0,0,7,1
2501,1,0,1,1,0,0,2,3
3762,0,1,0,1,0,1,4,3
1796,0,0,0,0,1,1,7,1
990,0,1,0,0,1,1,8,0
2630,0,0,0,0,0,1,3,1
1380,1,1,0,0,1,0,6,1
3487,0,1,1,1,1,1,7,2
1201,0,1,0,1,1,1,3,1
3015,0,0,0,0,0,0,3,3
3204,1,1,0,1,0,0,1,3
433,0,1,1,1,0,0,6,0
1906,1,0,0,0,1,1,1,2
898,1,0,1,1,1,0,7,0
2799,1,1,1,1,0,1,7,3
2020,0,0,0,1,1,0,7,2
770,1,0,0,0,1,0,4,0
305,0,0,0,0,0,1,6,0
2953,0,0,0,1,1,0,7,2
1671,1,1,1,1,0,1,7,1
2574,0,1,1,1,1,1,3,2
3772,1,1,0,0,1,1,6,3
2870,0,1,0,0,0,0,2,3
2577,0,0,0,1,1,0,6,2
2246,1,0,1,1,1,0,1,1
2405,1,1,1,1,0,1,1,2
3377,0,1,0,1,1,1,8,2
3619,0,1,1,1,1,1,1,3
1184,1,0,1,1,0,1,2,1
2965,0,0,0,1,1,0,3,2
3713,1,1,0,0,0,0,3,3
3798,1,1,0,1,1,1,2,3
1026,1,0,0,1,0,1,2,1
1086,0,1,0,1,0,0,6,1
2236,0,0,1,1,0,1,4,2
1303,0,1,0,0,1,1,1,1
3048,1,1,0,0,0,1,5,2
616,0,0,1,1,1,1,3,0
3764,1,0,0,0,1,1,6,2
419,0,1,1,1,1,1,3,0
2858,0,1,1,1,1,1,6,3
504,1,1,1,1,1,0,4,0
392,1,0,1,1,1,1,5,0
820,0,0,0,1,0,1,7,0
3387,1,0,0,1,0,0,8,3
3447,1,0,1,1,0,1,5,3
1403,0,0,1,1,1,0,7,0
2295,1,1,0,0,0,1,2,2
1973,0,1,0,1,0,1,6,2
3755,1,0,0,1,0,0,6,3
2073,0,1,1,1,0,1,2,1
3872,1,0,1,1,1,0,8,3
302,1,0,1,1,0,0,2,0
1519,0,0,1,1,0,1,2,1
2549,0,0,1,1,1,0,1,2
404,0,0,0,1,0,1,7,0
595,0,0,1,1,0,1,3,0
1663,0,1,1,1,1,1,2,0
2764,0,0,1,1,1,1,7,3
2614,1,1,1,1,1,1,1,2
1094,1,1,1,1,0,0,8,0
2826,0,0,1,1,0,0,5,2
2496,0,1,0,0,1,1,7,2
2103,0,0,1,1,0,0,2,1
966,0,1,0,0,0,1,1,0
2172,1,0,0,1,1,1,4,2
905,0,0,0,0,1,0,8,0
3916,1,0,1,1,1,0,3,3
3902,1,1,1,1,0,1,2,3
2487,0,0,1,1,1,1,1,2
3914,0,0,1,1,0,0,3,3
363,1,0,0,0,1,0,5,0
3233,0,0,1,1,0,1,5,3
2532,0,1,1,1,0,1,6,2
3836,0,1,1,1,0,1,6,3
3076,1,0,0,0,1,1,8,2
1513,0,0,1,1,1,0,5,2
1724,1,0,0,1,0,0,7,1
542,0,1,1,1,1,0,7,0
3481,1,0,1,1,0,1,7,3
3991,0,1,0,1,0,0,3,3
1790,0,0,1,1,0,1,1,1
509,0,0,0,1,1,1,1,0
282,1,1,1,1,1,1,3,0
3006,0,0,0,1,0,0,4,2
1913,1,1,1,1,1,0,6,1
1333,1,1,0,0,0,1,5,2
3746,0,1,0,1,0,0,3,3
3941,0,0,1,1,1,1,2,3
3970,0,0,1,1,0,1,1,3
3925,1,0,0,0,1,0,7,3
424,1,1,1,1,1,1,4,0
1284,0,0,0,0,1,1,5,0
277,0,1,0,1,0,1,1,0
1713,1,1,0,0,1,1,1,1
485,1,1,0,0,1,0,6,0
3002,1,0,0,0,0,1,1,2
418,1,0,0,0,1,1,4,0
1652,0,1,0,1,1,0,7,1
2893,0,1,0,0,0,1,5,2
1406,0,1,1,1,0,1,1,0
629,0,0,1,1,1,0,3,0
3724,1,1,1,1,1,1,2,3
3835,0,1,0,1,0,0,7,3
1354,1,0,1,1,1,1,8,1
2376,1,0,0,0,0,1,6,3
3438,0,1,0,1,0,0,3,3
2655,1,1,1,1,0,1,6,2
3361,0,0,1,1,0,0,6,3
3535,0,0,1,1,1,1,7,3
2150,1,0,0,0,1,1,1,1
2587,0,0,1,1,0,0,3,1
2736,1,1,0,0,0,1,2,3
676,0,1,1,1,0,1,6,0
2941,1,1,0,0,1,0,7,3
3336,0,1,1,1,0,1,8,3
3796,1,0,0,1,1,0,1,3
3654,1,1,0,0,1,1,5,3
2934,1,0,0,1,0,1,1,2
2889,0,0,0,0,0,1,8,2
3315,0,1,1,1,1,1,1,3
1993,0,1,1,1,0,0,4,2
2509,0,1,0,0,1,1,3,1
3534,0,0,1,1,1,1,2,3
2246,1,0,0,0,0,0,8,2
3165,0,0,0,1,0,0,3,3
286,0,0,0,1,0,1,7,0
776,0,1,0,0,0,0,1,0
3213,1,1,1,1,1,0,6,3
716,1,0,0,0,1,0,3,0
424,1,0,1,1,1,0,2,0
3486,0,0,1,1,1,0,7,3
3237,0,1,1,1,0,1,4,2
1944,1,1,0,1,0,0,2,1
643,1,1,1,1,0,0,6,0
2317,0,0,1,1,1,1,4,2
1436,0,0,1,1,0,0,8,1
3190,1,1,0,1,1,1,3,2
2338,1,0,0,0,1,0,2,2
1334,1,0,0,0,0,0,8,1
3657,0,0,0,1,1,0,3,2
2080,1,0,1,1,0,1,5,2
1609,0,1,0,0,0,0,7,0
3078,1,0,1,1,0,1,2,2
590,0,0,1,1,1,1,8,0
2552,0,1,0,1,1,1,7,2
3355,0,0,0,0,0,0,2,2
1968,1,1,1,1,0,0,7,2
3358,1,0,1,1,0,0,7,3
1539,1,1,0,0,0,0,3,0
942,1,0,1,1,1,1,4,0
3669,0,1,0,1,0,1,3,3
3612,1,0,1,1,0,0,2,3
2351,1,1,1,1,1,0,3,1
604,1,1,1,1,1,1,6,0
1285,0,1,0,1,1,0,2,1
515,0,0,1,1,1,0,1,0
654,0,1,1,1,0,0,6,0
2540,0,0,0,1,1,1,5,3
3869,1,1,1,1,0,1,5,3
3412,0,1,0,1,0,0,2,3
509,0,1,1,1,0,0,5,0
2547,0,0,1,1,1,0,6,2
2735,1,1,1,1,0,1,3,2
1369,0,0,0,0,1,1,1,1
2942,1,1,0,0,1,1,6,2
2812,1,1,0,0,0,0,7,2
3497,1,0,1,1,1,0,4,2
619,0,1,0,0,1,1,8,0
3483,0,0,0,1,0,0,1,3
1475,0,0,0,0,0,0,5,1
1950,0,0,0,0,1,1,1,1
3592,0,1,1,1,0,0,7,3
3573,0,1,0,1,1,0,5,3
2020,0,0,1,1,1,0,2,1
1329,1,0,0,1,1,0,3,2
3568,1,1,1,1,0,1,3,3
1947,1,0,0,1,0,1,1,2
1998,1,0,0,1,1,0,5,2
725,1,0,0,1,0,0,4,0
3302,0,0,1,1,1,1,4,3
3884,0,0,0,0,1,1,8,3
1185,1,1,1,1,1,1,6,0
1656,0,0,1,1,0,1,2,2
2870,1,0,1,1,0,1,4,2
911,0,0,0,0,0,0,3,0
3892,1,0,0,1,1,0,3,3
3897,1,1,1,1,1,1,1,3
656,1,0,0,0,0,1,1,0
606,0,0,1,1,1,1,3,1
1653,0,0,0,1,0,0,4,1
860,0,1,0,1,0,1,4,0
2197,1,1,0,0,1,1,2,1
3458,0,1,1,1,0,1,2,2
2066,0,1,1,1,1,1,4,1
3676,1,1,0,1,0,1,4,3
1518,0,1,1,1,0,1,1,1
1018,1,0,0,1,0,0,3,0
1360,0,0,1,1,0,0,3,0
3449,0,1,1,1,0,0,7,3
2524,0,0,1,1,0,0,6,2
703,0,1,0,0,0,1,8,0
1251,1,1,0,0,1,1,3,1
582,0,0,0,0,0,0,1,0
1732,1,0,0,0,1,1,5,1
1252,0,1,1,1,1,1,1,2
2146,1,0,1,1,0,0,1,1
1927,1,1,0,0,0,1,4,1
3328,1,0,0,1,1,1,4,2
2462,1,1,0,1,0,1,7,2
1172,1,1,1,1,1,1,2,0
3598,1,0,1,1,0,1,1,3
2437,0,1,0,1,1,1,3,2
3271,0,0,1,1,1,0,4,3
1511,1,0,0,0,0,0,3,1
2981,0,1,1,1,0,0,3,2
3119,0,1,0,1,1,0,1,3
3647,0,0,0,1,0,1,6,3
3148,1,1,0,1,1,0,8,2
2829,0,0,1,1,0,1,3,2
2373,0,0,0,1,1,0,3,2
3998,0,1,1,1,1,0,8,3
316,0,1,1,1,0,0,2,0
999,1,0,1,1,1,0,7,0
1808,1,0,0,0,1,0,4,1
589,1,1,1,1,1,0,3,0
3317,0,0,1,1,1,0,6,3
670,1,1,1,1,0,0,8,0
584,0,1,0,1,0,0,1,0
2173,0,0,1,1,1,0,2,2
1561,1,0,0,0,0,1,4,1
2073,1,0,1,1,0,1,2,1
1401,1,0,1,1,1,0,6,1
3764,1,0,0,0,0,0,7,3
1275,1,1,1,1,0,1,5,0
1464,1,0,1,1,0,1,8,1
2885,0,1,1,1,1,1,3,3
3458,0,0,1,1,1,1,8,3
3019,1,1,1,1,0,1,4,3
1083,0,0,0,0,0,0,1,1
3538,0,1,0,1,0,1,1,3
2493,0,1,0,1,1,1,2,2
3726,1,1,1,1,0,0,6,3
1531,0,1,0,0,0,0,1,1
601,1,0,1,1,0,0,7,1
2991,0,1,0,0,0,1,5,2
3912,0,1,0,0,1,1,8,3
309,1,0,0,0,0,1,2,0
323,0,1,1,1,1,1,8,0
1489,0,1,0,1,1,1,1,1
1322,1,0,1,1,0,0,3,1
1846,0,1,1,1,0,1,8,1
417,0,1,1,1,0,1,2,0
3269,0,0,1,1,1,0,4,3
3731,1,1,0,0,0,0,1,2
667,1,1,0,0,0,0,4,0
1241,1,0,1,1,0,1,1,1
3941,0,0,1,1,0,0,6,3
1018,1,0,1,1,0,0,5,0
3142,0,0,0,0,1,1,2,3
1444,1,1,1,1,0,0,5,1
934,0,0,0,0,1,0,1,0
3863,1,1,1,1,1,1,8,3
3506,0,1,1,1,1,0,3,3
1944,1,0,0,1,1,0,7,1
348,1,1,1,1,0,1,4,0
550,0,1,0,1,1,0,4,0
971,0,1,1,1,0,0,7,0
3984,0,0,1,1,1,1,7,3
2973,1,1,1,1,0,1,5,3
2019,1,0,0,1,1,1,5,1
1587,1,1,0,0,0,0,7,1
1870,1,1,0,1,0,0,7,1
1352,0,1,0,0,1,0,4,1
570,1,0,0,0,1,0,6,0
546,0,0,0,1,1,1,6,0
3624,0,1,0,1,1,0,3,3
2944,0,1,1,1,1,1,2,2
1209,0,1,1,1,1,0,8,0
2752,1,1,1,1,1,1,6,3
3868,1,0,0,0,1,1,6,3
3087,0,0,1,1,1,1,5,2
947,0,1,0,0,1,1,2,0
1484,1,1,0,1,0,0,3,0
347,1,1,0,1,0,1,7,0
3227,1,0,0,1,0,0,8,2
3299,1,0,0,0,0,1,5,3
1028,0,1,0,1,0,0,1,0
714,1,0,1,1,0,1,2,1
2641,0,1,0,0,0,0,8,3
1229,0,0,0,1,0,0,5,1
2622,0,0,0,0,0,1,4,2
929,0,1,0,0,1,1,2,0
1211,1,0,1,1,0,1,3,0
1653,0,0,0,1,0,0,6,2
511,0,1,1,1,1,0,2,0
3034,0,0,0,0,0,0,4,2
1414,1,0,1,1,0,1,7,0
2438,0,0,1,1,1,1,1,3
3744,1,0,0,0,0,1,8,3
1377,0,1,1,1,1,1,4,1
3520,0,1,1,1,0,0,4,3
3796,0,1,0,0,1,1,4,3
1699,0,0,1,1,1,1,3,1
336,0,0,0,1,1,1,3,0
1095,1,0,0,0,1,0,5,0
325,1,1,0,0,0,1,3,0
1223,0,0,1,1,0,0,4,0
1649,0,1,0,0,1,0,2,1
1898,1,0,1,1,1,0,2,1
2609,1,1,1,1,0,0,5,2
2265,1,1,0,1,1,1,1,2
2775,1,1,0,0,1,1,6,2
1445,0,0,1,1,1,1,7,1
2614,1,0,0,1,0,0,4,2
356,1,0,0,0,0,0,7,0
523,0,0,0,0,1,1,3,0
3745,0,1,0,0,1,0,7,3
1229,0,0,1,1,1,1,2,0
1402,0,0,0,0,1,0,3,1
2085,1,1,1,1,0,0,5,1
587,0,0,1,1,1,1,7,0
2457,0,0,1,1,0,1,7,3
2030,0,1,1,1,0,0,3,2
816,0,1,1,1,0,0,2,0
1667,1,1,0,0,0,0,7,1
2958,0,0,0,0,1,0,7,2
3705,0,0,0,1,0,0,5,3
2800,0,0,0,0,1,1,8,2
3773,1,0,0,0,1,1,7,3
2050,1,1,1,1,1,0,1,1
1754,0,1,1,1,0,1,1,1
1904,0,0,1,1,1,1,3,1
2705,0,1,0,1,1,0,5,1
3537,1,0,1,1,0,1,8,3
1370,0,1,0,1,0,1,5,1
1222,1,1,0,0,0,0,2,1
3102,0,1,0,0,0,0,4,2
2268,1,0,1,1,1,0,6,2
2648,0,0,1,1,1,1,8,1
2173,0,1,1,1,1,0,8,2
3162,1,0,0,1,0,0,4,3
1368,1,1,0,1,0,1,1,1
2746,1,0,1,1,0,1,1,2
619,0,1,0,1,1,1,6,0
724,0,1,0,1,0,1,6,1
912,1,0,0,0,1,0,3,0
2784,0,0,0,1,1,1,6,3
793,1,0,1,1,1,0,6,0
560,1,0,0,1,1,0,1,0
312,0,0,0,0,0,1,4,0
545,1,0,0,0,1,1,7,0
1591,0,1,0,1,0,1,7,1
2746,0,0,1,1,1,0,7,3
893,1,0,0,1,1,0,3,0
2514,1,0,1,1,1,1,6,1
1032,0,1,1,1,1,1,1,1
819,0,1,1,1,1,1,5,0
3672,0,1,0,1,0,1,3,3
3833,1,1,0,0,1,0,6,3
1482,1,1,0,0,1,0,8,2
2043,0,0,0,0,0,0,5,1
1229,1,0,0,0,1,0,6,0
1816,1,1,0,1,0,1,4,1
2166,0,0,0,1,0,0,7,2
2469,0,1,0,1,1,1,5,2
2575,1,0,1,1,1,1,5,2
1375,0,0,1,1,0,0,1,1
1732,0,0,0,1,0,1,3,1
673,1,1,1,1,0,0,3,0
2301,0,0,1,1,0,0,2,1
2676,1,0,0,1,0,0,5,2
1781,1,0,1,1,0,0,2,2
2248,1,0,1,1,0,0,4,2
921,1,1,0,1,0,0,4,0
391,1,0,0,1,1,1,3,0
1719,1,1,1,1,1,1,7,1
3262,0,0,1,1,0,0,5,3
1947,0,1,1,1,1,1,2,1
2693,1,0,0,0,1,1,7,3
441,0,0,1,1,1,0,4,0
1886,0,0,0,1,1,1,5,0
1267,1,1,1,1,1,0,1,1
687,1,0,0,1,1,1,3,0
2890,1,1,0,0,0,0,1,3
1737,1,1,1,1,0,1,1,1
887,1,1,0,0,0,0,2,0
398,0,0,0,1,1,1,7,0
2389,0,1,0,0,0,1,7,2
3431,0,0,0,0,1,1,1,3
3601,0,0,0,0,0,0,2,3
2459,1,1,0,1,1,0,8,1
3230,1,1,1,1,1,0,6,3
3646,0,1,0,1,1,1,2,3
2200,1,1,0,0,1,0,8,1
3862,1,1,0,0,0,0,2,3
3077,1,1,0,0,0,0,6,2
621,1,1,1,1,1,1,2,0
2372,0,1,1,1,1,0,8,2
2574,1,1,1,1,1,0,2,2
2857,0,0,1,1,1,1,4,3
3143,0,0,0,0,1,0,8,3
3197,0,1,1,1,0,1,5,3
2727,0,0,1,1,0,0,8,3
1519,1,1,0,1,0,1,1,1
2438,1,1,1,1,0,0,3,2
2674,1,0,0,1,0,1,3,2
2107,1,1,1,1,0,0,5,1
2262,0,0,0,0,1,0,1,2
815,0,1,0,1,1,1,8,0
2829,1,1,1,1,1,1,7,2
3022,1,1,0,0,0,1,1,3
2573,1,0,1,1,0,1,8,2
2678,1,1,0,1,0,1,4,2
1282,1,1,1,1,1,1,5,1
568,1,1,0,0,0,0,8,0
2074,0,0,0,1,1,0,1,1
2227,0,1,0,1,0,1,2,1
1080,0,1,0,0,0,1,2,0
2867,1,0,0,0,1,0,6,2
1075,0,0,0,1,1,0,6,0
3063,0,1,0,0,1,0,5,2
2479,0,0,0,1,1,0,4,2
2394,1,0,0,1,1,0,3,2
2814,1,1,1,1,0,0,3,2
2094,0,0,1,1,0,0,7,1
2315,0,1,1,1,1,0,4,2
2519,0,1,1,1,0,1,4,2
735,1,1,1,1,0,1,6,0
1891,1,0,1,1,0,1,7,1
1386,0,1,1,1,1,1,6,1
3260,0,1,1,1,0,0,1,2
2022,1,0,1,1,0,1,3,1
1716,1,1,0,0,0,0,8,1
3317,0,1,1,1,1,1,5,3
1454,0,1,0,1,1,0,7,0
2290,1,1,1,1,1,0,4,1
3940,0,0,0,0,1,1,5,3
461,1,0,0,1,0,1,8,0
2219,0,0,1,1,0,1,7,2
470,0,1,0,1,0,0,3,0
2495,0,0,1,1,1,1,8,2
2944,0,0,0,1,1,1,7,2
2361,0,1,0,1,0,1,3,2
1783,1,0,0,0,0,1,8,2
2832,1,1,1,1,1,1,3,2
931,1,0,1,1,1,0,6,0
1344,1,1,1,1,0,0,4,0
3916,0,0,1,1,0,1,2,2
1882,1,0,0,0,0,0,7,1
2865,1,0,1,1,1,1,5,2
757,1,0,0,1,1,1,8,0
3469,0,1,0,1,0,1,6,3
2399,1,1,1,1,1,1,3,1
3300,1,1,1,1,0,0,2,3
2719,1,1,0,1,1,1,2,2
3012,0,1,0,1,0,0,7,2
2836,0,1,1,1,0,0,4,3
2385,1,1,1,1,0,0,2,2
594,1,1,0,1,1,1,3,0
2968,0,0,1,1,1,0,4,3
3762,1,1,1,1,0,0,6,3
892,0,1,0,0,1,0,1,1
467,0,0,1,1,1,1,8,0
345,0,0,1,1,0,0,1,0
3033,1,0,1,1,1,1,7,3
2110,0,0,1,1,0,1,6,2
3105,1,0,0,0,1,1,8,2
874,1,0,0,1,1,0,6,0
3681,1,1,1,1,1,1,7,3
3865,0,1,1,1,0,1,2,2
737,1,1,0,0,1,0,3,0
3153,1,1,1,1,1,0,7,3
2800,1,0,1,1,0,1,1,2
315,0,1,0,1,1,0,1,0
1412,0,1,0,0,1,1,8,1
2286,1,1,1,1,0,0,7,2
2392,0,1,0,1,0,1,2,2
1857,1,1,0,1,1,1,2,1
1419,0,0,0,1,1,1,7,0
3305,0,0,1,1,0,0,2,2
959,0,0,0,0,1,0,6,0
2635,1,1,0,1,0,1,3,2
1754,0,1,1,1,0,1,5,1
2563,0,0,1,1,0,0,3,2
1936,0,1,1,1,1,1,4,1
1869,0,1,1,1,1,1,8,1
3637,1,1,0,0,0,1,5,3
896,0,0,0,0,0,0,3,0
2349,1,0,1,1,0,1,3,1
774,0,0,1,1,1,0,1,1
3397,1,1,1,1,0,0,3,2
485,1,0,1,1,1,1,8,0
3964,0,0,1,1,1,0,4,3
1887,0,0,0,1,1,1,4,1
2977,0,0,0,0,1,1,3,2
2114,0,1,1,1,1,1,7,2
1542,0,1,1,1,0,1,2,1
3038,1,0,1,1,0,1,8,3
2481,1,0,0,0,0,0,7,2
841,0,1,1,1,0,0,3,0
3565,1,1,0,1,0,1,4,2
1958,1,0,0,1,1,1,6,2
2454,0,0,0,1,1,1,8,2
3392,1,0,1,1,1,1,1,3
262,0,0,1,1,1,0,3,0
530,0,1,1,1,0,1,4,0
3703,1,1,0,0,0,1,3,3
2562,1,0,1,1,0,0,1,2
574,1,1,1,1,1,0,1,1
2632,0,0,0,0,0,1,4,2
259,0,1,1,1,1,1,2,0
688,1,1,0,0,1,0,1,0
2554,1,1,0,0,1,0,6,2
3859,1,1,0,0,1,0,1,3
2977,1,0,1,1,1,1,5,2
571,1,1,0,1,1,0,7,0
402,1,1,1,1,0,1,7,0
878,1,0,1,1,1,1,5,0
2130,1,0,1,1,1,0,1,2
3260,0,0,0,0,0,1,2,3
454,1,1,1,1,1,0,8,0
2638,0,0,1,1,1,1,7,2
2819,1,1,1,1,0,1,8,2
1464,1,0,1,1,1,1,4,1
1824,0,0,0,1,1,0,6,1
876,1,1,0,1,1,0,8,1
2706,1,0,1,1,1,0,7,2
659,1,1,0,1,1,1,2,1
455,0,0,1,1,0,1,5,0
2378,1,1,0,1,0,0,2,2
2278,0,1,1,1,1,0,1,1
3436,0,1,0,0,1,1,5,3
3424,1,0,1,1,1,0,6,3
401,0,1,0,1,0,1,6,0
681,0,0,0,1,1,1,2,0
3212,0,0,1,1,0,1,6,2
3105,0,0,0,1,0,0,6,3
2036,1,1,0,0,1,0,6,1
3153,1,1,0,1,1,0,7,3
1642,0,1,0,0,1,1,4,1
509,0,0,0,1,0,0,1,0
3465,0,1,1,1,1,0,8,3
3900,1,0,1,1,0,1,7,3
1105,0,0,0,0,1,1,1,0
2064,0,0,1,1,0,0,1,1
3117,1,1,1,1,0,1,1,3
1142,0,0,1,1,0,1,3,1
1060,0,1,1,1,1,1,1,1
2381,1,0,1,1,0,0,2,2
3366,0,1,1,1,0,1,3,3
1339,0,0,0,0,0,1,6,0
2560,1,1,1,1,0,0,4,3
285,0,1,1,1,0,1,2,0
2476,1,1,1,1,0,0,7,1
1862,0,0,1,1,0,1,1,1
3488,1,1,1,1,1,1,1,3
3178,0,1,1,1,0,1,8,2
733,0,0,0,1,1,0,8,0
756,0,0,0,0,0,0,7,0
3622,0,0,0,0,1,1,1,3
1277,0,0,1,1,0,0,5,1
3703,0,0,1,1,1,0,6,3
1905,1,0,1,1,1,1,6,1
2636,0,1,1,1,1,0,6,2
2014,0,0,1,1,0,0,5,2
3056,1,0,1,1,0,0,2,3
465,1,0,1,1,1,0,3,0
3869,1,1,1,1,1,1,6,3
1108,1,1,1,1,0,1,5,1
1906,1,1,0,1,0,0,5,1
851,1,1,1,1,1,1,4,0
3142,1,0,1,1,0,1,7,3
1300,0,0,1,1,0,1,4,0
1430,0,0,0,0,0,0,5,2
362,1,0,1,1,1,1,8,0
2456,0,1,0,1,1,1,1,2
2360,0,0,1,1,0,0,8,2
3700,0,1,0,1,1,0,7,3
2620,0,1,0,1,0,0,7,2
437,0,0,0,1,0,0,3,0
3774,0,0,1,1,0,0,2,3
1218,1,0,0,0,1,0,2,1
696,0,0,0,1,1,1,5,0
3407,0,1,1,1,0,0,2,3
3902,1,1,0,1,0,0,7,3
2086,1,1,1,1,1,1,8,1
1356,1,0,1,1,0,1,3,1
1704,0,1,1,1,1,1,5,0
3571,1,1,1,1,1,1,3,3
2132,1,0,1,1,0,1,5,1
3209,1,1,1,1,1,1,4,3
2096,1,1,1,1,0,0,1,1
1273,1,0,1,1,0,0,4,1
3623,1,1,1,1,1,0,5,2
368,1,0,1,1,0,0,2,0
854,0,1,0,1,0,1,3,1
3646,0,0,1,1,0,1,6,3
3130,0,1,1,1,0,1,4,3
3784,1,1,1,1,1,0,1,3
3885,1,0,0,1,1,0,7,3
1494,1,0,1,1,1,1,7,1
2973,1,0,1,1,1,1,5,3
1471,0,0,0,0,1,0,6,0
2001,0,0,0,1,1,1,2,1
1486,1,1,1,1,0,0,5,1
1321,0,0,0,0,1,1,3,0
1877,1,0,0,0,0,1,8,1
3499,0,0,0,1,1,1,5,3
2124,1,1,1,1,1,0,1,1
1221,1,1,0,1,0,1,3,1
2316,1,0,0,0,0,1,8,2
1068,0,1,1,1,1,0,4,1
1930,0,1,1,1,0,1,4,1
1316,0,0,0,1,1,0,7,1
1742,0,1,0,1,0,0,8,1
3265,1,1,1,1,0,0,8,2
2700,1,0,1,1,1,1,4,2
2115,0,0,0,0,0,0,4,2
3915,0,1,0,0,0,1,2,3
3144,1,0,1,1,0,0,8,3
1571,0,0,1,1,0,0,7,2
2253,0,0,0,0,0,0,5,1
1433,0,1,0,0,0,0,6,1
2583,0,1,1,1,1,1,5,2
1817,0,0,0,1,0,0,5,1
2915,1,0,1,1,1,1,2,2
3340,1,1,1,1,1,1,8,3
2790,0,1,1,1,1,0,7,2
577,1,1,1,1,1,0,4,0
3220,1,1,1,1,1,0,2,3
3488,0,1,1,1,1,0,1,3
1277,0,1,1,1,0,1,4,1
3593,1,1,0,0,1,0,2,2
2736,0,1,1,1,1,0,8,3
2311,1,0,0,1,1,0,8,2
1464,1,0,1,1,1,1,8,1
1355,0,0,0,1,1,0,2,1
2382,1,1,0,1,0,1,2,2
1886,1,1,0,1,0,1,4,1
832,1,1,1,1,0,0,5,1
751,0,1,1,1,0,1,6,0
436,1,1,1,1,0,0,5,0
722,0,1,1,1,1,0,1,0
1075,0,0,0,0,1,0,1,0
2802,0,1,0,1,1,0,4,2
1780,0,1,1,1,0,0,2,1
1247,0,0,1,1,0,0,4,1
3066,1,1,1,1,1,0,8,2
403,1,0,0,0,0,0,8,0
2518,0,1,1,1,1,0,5,2
1069,0,0,1,1,0,0,2,0
2651,1,1,1,1,0,1,4,2
2974,1,1,1,1,0,1,7,2
657,1,1,0,1,1,0,5,0
3372,1,1,1,1,1,0,2,3
1464,1,1,1,1,1,0,5,1
1326,0,1,0,1,1,0,4,0
3393,0,0,0,1,0,0,4,3
323,0,1,1,1,0,1,2,0
1628,0,0,0,0,1,0,1,1
2610,0,0,0,1,1,0,8,3
3721,1,1,0,0,1,1,4,3
763,0,1,0,0,1,1,8,0
792,0,1,0,1,0,1,3,0
1568,1,0,0,1,0,0,5,1
1276,1,0,0,0,1,0,4,1
3472,1,1,0,1,1,1,4,3
2520,1,1,1,1,0,1,4,2
3423,0,0,1,1,0,0,2,3
258,0,1,0,1,0,0,6,0
1868,1,0,1,1,0,0,5,2
2171,0,1,0,0,0,1,3,1
780,1,1,0,0,0,0,5,0
712,1,1,0,0,0,0,1,0
1012,0,1,1,1,1,1,8,0
318,1,0,0,1,0,0,4,0
3948,0,0,1,1,1,1,6,3
629,0,1,1,1,0,0,8,0
1161,0,1,1,1,0,0,7,0
1403,0,0,1,1,0,0,8,0
3707,1,0,1,1,1,0,4,3
1305,0,0,1,1,0,1,8,0
2926,0,1,0,1,1,1,4,2
2674,1,0,1,1,0,1,3,2
471,0,0,0,0,0,1,2,0
1724,1,1,0,0,0,1,8,1
1220,1,1,0,0,1,0,4,1
2754,0,0,1,1,1,1,2,2
594,1,1,1,1,0,1,5,0
1005,0,1,1,1,0,1,2,0
2439,0,1,1,1,1,1,1,1
2302,1,0,0,0,1,1,4,1
1083,0,0,1,1,1,0,2,0
2219,1,0,1,1,1,1,8,2
1571,1,0,0,0,0,0,7,2
2107,1,0,1,1,1,0,4,2
593,0,1,0,1,1,1,5,0
857,1,0,0,1,1,0,8,1
3518,0,0,0,1,1,1,5,3
1284,0,1,0,0,0,1,4,0
545,0,1,0,0,0,0,6,0
3566,0,1,1,1,0,1,6,2
2821,0,0,0,1,0,1,1,2
3442,0,0,1,1,1,0,7,3
1309,0,0,1,1,0,0,6,1
1179,0,1,0,0,0,1,6,1
1713,0,1,0,0,0,0,8,1
1663,0,1,0,1,0,1,3,1
1812,0,1,0,1,1,1,8,2
1384,1,0,0,0,1,1,4,1
1348,1,1,1,1,1,1,8,1
3957,1,1,1,1,0,0,4,3
1212,0,0,1,1,0,0,8,0
3925,0,0,1,1,1,1,8,3
348,1,1,0,1,0,1,6,0
1382,1,0,0,0,1,0,5,1
980,1,1,0,0,0,1,2,0
838,0,1,0,0,1,0,3,0
378,0,0,1,1,1,0,3,0
909,0,1,1,1,0,1,4,0
3632,1,0,1,1,1,0,4,3
3396,1,0,1,1,0,0,8,2
1861,0,1,0,0,1,0,5,1
348,1,0,1,1,1,1,6,0
2528,1,0,0,0,0,0,4,2
2190,0,1,1,1,1,0,8,1
663,1,1,0,0,1,1,8,0
961,0,1,1,1,0,1,6,0
1280,0,0,1,1,0,1,4,1
2189,0,0,0,0,1,0,8,2
531,1,0,1,1,1,1,3,0
2331,1,1,1,1,0,1,4,1
794,0,0,0,0,1,1,5,1
2644,0,0,0,0,1,1,1,2
1666,1,0,1,1,1,1,1,1
2157,1,0,1,1,0,0,4,1
1196,0,0,0,0,0,1,1,1
2072,0,1,0,0,1,0,6,2
1590,0,0,1,1,0,0,1,1
2916,0,1,0,0,1,1,8,3
3707,0,1,0,0,0,1,2,3
726,1,0,1,1,1,0,6,0
3577,1,0,0,1,1,0,2,3
2627,0,1,0,1,0,1,6,2
685,1,0,1,1,1,1,4,0
1693,0,0,0,0,1,0,6,1
2137,1,1,1,1,0,1,6,2
3696,1,1,1,1,0,1,8,3
3771,1,0,1,1,0,1,3,3
1342,0,0,1,1,1,1,4,0
1379,1,0,1,1,0,1,3,1
1164,1,1,1,1,1,0,3,1
908,0,1,0,0,0,1,1,1
1019,0,0,1,1,1,0,4,1
3685,1,0,0,0,0,0,6,3
1470,0,1,1,1,0,0,1,1
2299,0,0,0,1,1,1,1,2
999,1,0,0,1,1,0,8,0
3011,1,0,1,1,1,0,1,2
3142,1,1,1,1,0,1,1,3
1543,0,0,0,1,1,0,6,1
3692,0,0,1,1,1,0,4,3
2753,0,0,1,1,0,1,6,1
2156,0,1,0,1,1,1,2,1
2637,1,0,0,1,0,0,5,2
331,1,0,0,1,0,0,8,0
1214,0,1,1,1,1,0,3,1
2248,1,0,0,1,1,1,7,2
3073,1,1,0,1,1,1,5,3
422,1,1,1,1,0,0,7,0
2293,1,0,0,0,1,0,3,1
3958,1,1,1,1,1,0,1,3
432,1,1,1,1,1,1,1,0
1152,1,1,1,1,0,0,8,0
1303,1,1,1,1,0,1,6,0
797,0,0,1,1,1,0,2,0
298,1,0,1,1,1,0,8,0
3847,0,0,0,1,0,1,6,3
2110,0,0,0,1,1,1,3,1
1921,1,1,1,1,1,0,3,2
2423,0,1,0,1,0,0,2,2
1658,1,1,1,1,1,1,2,2
2361,1,1,0,1,0,0,8,1
1380,0,0,0,1,0,0,4,1
3892,1,1,1,1,1,1,6,3
315,0,1,1,1,0,0,5,0
2289,1,1,1,1,1,1,4,1
2182,0,1,1,1,1,0,7,2
2184,0,1,0,1,0,1,6,2
2872,1,0,0,1,0,1,8,3
2367,1,1,1,1,0,1,6,1
1919,0,0,0,1,1,0,4,1
3296,0,1,0,0,0,0,5,3
462,0,1,1,1,1,1,8,0
1591,0,0,1,1,1,0,1,1
1593,0,0,1,1,0,1,2,0
2456,1,1,1,1,0,0,7,1
2933,0,1,0,0,1,0,4,3
3154,0,1,1,1,0,0,7,3
3615,1,0,0,1,0,0,2,3
3563,0,0,0,0,0,0,1,3
1440,1,1,0,1,0,0,8,1
1907,1,1,1,1,0,0,2,1
324,0,0,1,1,1,1,1,0
1404,0,0,0,1,1,1,4,1
2738,0,0,1,1,0,0,4,2
2722,0,0,1,1,0,0,3,2
2294,0,1,1,1,0,1,8,3
1424,1,0,1,1,0,1,1,1
1133,1,1,0,0,1,0,8,1
555,1,1,1,1,0,1,6,0
3785,1,0,0,1,0,1,6,3
3675,1,1,0,0,0,0,7,3
435,1,0,1,1,1,0,5,0
3183,1,1,0,1,1,1,8,2
3495,1,0,1,1,1,0,2,2
1853,0,0,0,0,0,1,3,1
2648,0,0,0,1,1,0,4,2
2647,1,0,0,0,1,0,7,2
702,1,1,0,1,1,1,8,0
1836,1,0,0,1,0,0,2,2
3894,0,1,1,1,1,0,5,3
2944,0,0,1,1,0,1,2,3
3424,0,1,1,1,1,0,8,3
2678,1,1,0,1,1,1,1,2
2424,0,0,1,1,1,0,8,2
2671,0,0,0,0,1,1,6,3
3078,0,1,1,1,0,1,1,2
2304,1,1,1,1,1,0,3,2
1146,1,0,1,1,1,0,2,1
2335,1,0,1,1,0,1,7,1
1422,1,1,0,1,1,0,7,1
2096,1,0,0,0,0,0,8,2
1303,0,1,1,1,1,1,6,0
1115,0,1,1,1,0,1,2,1
456,0,0,0,1,1,0,5,0
3396,1,1,1,1,0,0,8,3
2750,1,0,0,0,1,0,2,2
941,0,1,1,1,0,1,4,0
2278,0,0,1,1,0,0,6,2
2273,0,0,1,1,0,1,4,2
2355,0,1,1,1,1,1,5,2
2328,0,0,0,1,0,0,1,2
2638,1,1,1,1,1,1,2,1
558,1,0,0,1,0,0,6,0
1345,0,0,1,1,0,1,4,0
425,0,0,0,1,1,1,2,0
2192,0,0,0,1,1,1,4,1
3397,1,0,0,1,0,1,6,2
1208,0,0,1,1,1,0,7,1
267,1,1,1,1,1,0,2,0
3518,0,0,1,1,1,1,4,3
3122,0,1,0,0,0,1,8,2
1050,1,1,1,1,1,1,8,0
3358,1,1,0,1,1,1,2,3
2929,0,1,0,1,0,0,8,2
624,0,0,1,1,0,0,8,0
1598,0,0,0,0,1,0,1,1
2052,0,1,1,1,1,0,5,2
1249,0,1,1,1,1,0,6,1
412,1,0,1,1,0,0,2,0
595,1,1,0,0,0,0,2,0
263,1,1,0,0,0,0,7,0
2577,0,0,1,1,1,0,8,2
639,1,1,0,0,0,1,4,0
3206,1,1,0,1,1,0,1,3
1550,1,1,0,0,1,0,5,1
1646,0,0,1,1,1,0,2,1
1930,1,0,0,0,1,0,4,2
3695,0,0,0,1,0,0,2,3
3235,0,1,1,1,0,1,8,3
2334,0,0,0,0,1,0,6,2
1998,0,0,0,0,0,0,4,1
2258,0,0,1,1,0,0,1,2
1869,1,0,1,1,1,1,7,1
1825,0,1,1,1,0,1,3,2
3946,1,1,1,1,1,1,5,3
436,1,0,0,1,1,1,7,0
2678,0,0,0,1,0,0,6,2
3887,1,0,0,1,0,1,1,3
1813,1,1,0,1,1,1,4,1
817,1,0,1,1,1,1,2,0
3614,0,1,1,1,0,0,1,3
2013,1,1,1,1,1,0,8,1
543,1,0,0,0,0,1,5,0
3400,0,0,0,0,1,1,8,2
2623,0,1,0,0,0,0,6,1
2700,0,1,1,1,0,0,4,2
1400,1,1,1,1,1,0,2,1
3127,0,1,1,1,0,0,5,2
2803,0,0,1,1,1,1,5,3
2518,0,1,0,0,1,1,5,2
3564,0,0,0,1,1,0,6,3
2515,0,0,0,1,0,1,1,2
3654,0,1,0,1,1,1,3,3
3930,0,0,1,1,1,1,8,3
3476,1,1,1,1,1,0,7,3
3242,1,0,0,1,0,1,1,3
2666,0,0,0,1,1,0,6,2
1695,0,0,0,1,0,1,8,2
3510,0,1,1,1,0,1,3,2
3438,1,1,0,0,0,0,8,3
2033,1,0,1,1,1,0,4,1
1017,0,0,0,1,0,0,1,1
1686,1,1,1,1,0,1,2,1
862,0,0,1,1,0,0,5,0
957,0,0,1,1,1,0,5,0
3494,0,0,0,0,0,1,4,3
3083,0,1,1,1,1,1,4,2
1656,0,0,0,1,1,1,6,1
313,0,0,1,1,1,0,2,0
3282,1,1,1,1,1,1,8,3
3629,1,0,0,0,1,1,6,3
1687,0,1,1,1,1,1,2,1
1149,1,0,1,1,1,0,4,0
3899,0,0,1,1,0,1,3,3
1783,0,1,1,1,1,0,2,2
1629,1,1,1,1,1,0,5,1
2528,0,1,0,0,1,0,1,2
3256,1,0,1,1,1,0,7,3
2341,1,1,0,0,0,1,8,2
2785,1,1,0,1,0,0,1,2
3761,0,1,1,1,0,0,3,3
1513,1,0,1,1,0,1,6,1
2240,1,1,1,1,1,0,2,1
820,1,1,1,1,1,1,4,1
1875,1,0,1,1,1,1,2,1
920,1,1,1,1,1,1,3,0
3615,0,0,1,1,0,1,4,2
1412,0,0,0,0,0,1,7,1
361,0,1,0,0,1,0,1,0
1540,0,1,0,1,1,0,4,1
1077,1,1,1,1,0,1,2,0
3610,0,1,0,0,0,1,5,3
512,1,1,0,0,0,0,6,0
3024,1,0,0,0,0,1,8,3
1610,1,1,1,1,0,0,1,1
2201,0,0,1,1,0,0,1,1
3338,1,1,1,1,1,1,7,3
3473,1,1,0,0,0,1,4,3
2203,1,1,1,1,1,1,8,1
940,0,0,0,1,1,0,4,1
1155,0,0,0,0,1,1,8,1
3872,1,1,0,0,0,1,4,3
1882,0,1,1,1,0,1,6,2
1798,1,0,1,1,0,0,8,1
2598,1,1,1,1,0,0,6,3
1567,0,0,1,1,1,0,1,1
1491,0,1,0,1,0,0,1,1
2003,0,0,1,1,0,0,2,2
3905,1,1,1,1,0,0,4,3
291,0,0,1,1,1,1,5,0
1693,1,0,1,1,0,1,8,1
1788,0,1,1,1,0,1,4,1
3322,0,0,0,0,0,1,6,3
1751,1,1,1,1,0,1,6,2
1641,1,0,0,1,1,0,1,1
2854,1,0,1,1,0,1,7,2
3115,0,0,1,1,0,0,4,2
3259,1,1,0,1,0,1,1,3
1612,1,1,1,1,1,0,8,2
2319,1,1,0,0,0,0,4,1
1258,1,1,1,1,0,0,5,1
1543,1,0,0,0,0,1,5,1
3991,0,1,1,1,0,0,2,3
3555,1,0,1,1,0,0,1,3
3411,1,1,1,1,0,0,4,3
524,0,0,0,0,0,0,8,0
3541,1,0,1,1,0,1,6,3
1998,0,1,0,0,0,0,6,2
3437,1,1,1,1,0,0,5,3
1637,1,1,1,1,0,1,2,1
3064,0,0,1,1,0,0,1,3
2855,0,0,1,1,1,1,2,2
1393,0,1,1,1,1,1,1,1
1633,0,1,1,1,0,0,7,2
2392,0,0,1,1,0,1,4,3
3284,1,1,1,1,0,1,2,3
464,1,0,0,1,0,1,6,0
1234,1,0,0,1,1,0,7,0
292,1,0,1,1,1,1,3,0
2521,1,1,1,1,0,0,3,2
2658,1,1,0,1,0,0,5,2
587,0,1,0,0,1,1,4,0
2190,1,0,1,1,0,1,4,2
879,1,1,1,1,0,0,4,0
1743,0,1,0,0,1,0,1,2
1181,1,0,0,1,1,0,4,1
3330,1,0,0,1,0,1,7,3
3564,0,0,1,1,0,0,8,3
562,0,1,1,1,1,1,4,0
1659,1,0,1,1,1,0,4,1
1816,1,0,0,0,0,1,8,2
1338,1,1,1,1,1,1,5,0
2992,0,0,1,1,1,0,8,2
315,0,1,1,1,1,0,8,0
3249,0,0,0,0,0,1,7,2
3242,1,1,0,0,1,0,4,2
2725,1,1,0,0,0,0,4,2
586,1,1,1,1,0,1,4,0
2454,0,0,1,1,1,0,3,2
804,1,0,0,0,1,1,4,0
2460,1,0,1,1,0,0,7,2
1295,0,1,0,1,0,1,1,0
2625,1,1,1,1,1,0,5,2
1999,1,1,0,1,0,1,2,1
2698,1,1,0,1,0,0,2,2
3742,0,0,1,1,1,0,6,3
1193,0,1,1,1,0,1,5,1
3511,0,0,0,1,1,1,7,3
885,0,1,1,1,1,0,2,0
1044,0,1,1,1,0,0,5,0
2548,0,1,1,1,0,1,5,2
2940,1,1,1,1,0,1,2,2
3966,0,1,1,1,1,1,5,3
3484,1,0,1,1,0,0,8,3
1246,1,1,0,0,1,0,1,1
2757,1,0,1,1,1,0,3,2
2378,0,1,1,1,0,0,3,1
1794,0,0,1,1,1,1,6,1
3933,0,0,0,1,0,1,8,3
1637,1,0,0,1,0,1,6,0
783,1,1,0,1,1,0,8,0
3094,1,0,0,0,0,0,5,2
1774,1,1,1,1,0,0,8,1
256,1,0,1,1,0,1,7,0
1365,0,0,1,1,0,1,2,1
2339,0,0,1,1,1,0,3,2
2049,1,0,1,1,1,0,2,1
3241,1,1,1,1,1,0,5,3
867,1,1,1,1,1,0,4,0
2175,1,0,0,0,0,1,5,1
3497,1,1,0,0,1,0,2,3
609,0,1,0,1,0,1,4,0
3285,1,1,1,1,1,0,6,2
3684,0,1,1,1,0,0,1,3
3586,0,1,0,0,0,1,6,3
2322,1,0,1,1,0,1,4,2
354,0,0,1,1,1,1,2,0
3204,1,1,1,1,0,1,4,3
1400,0,0,0,0,0,1,3,1
2308,1,0,1,1,1,0,8,1
1082,1,1,0,1,0,1,8,0
3104,0,1,0,0,0,0,2,2
2847,1,0,1,1,0,1,2,2
2256,1,0,0,0,1,1,8,2
1113,1,1,0,0,0,1,7,0
3210,1,0,0,1,1,1,6,3
3990,1,1,1,1,1,1,6,3
984,1,1,0,1,0,1,7,0
3117,0,1,0,1,0,0,8,3
1622,1,0,1,1,1,1,7,2
2967,0,1,1,1,1,1,3,3
1037,1,0,1,1,0,1,3,0
2908,1,0,0,0,0,1,8,2
1167,1,0,1,1,0,0,2,0
2715,1,1,0,0,1,0,8,2
1734,0,1,0,0,0,1,7,1
2259,1,0,0,0,1,1,3,3
2921,1,0,0,0,1,0,3,3
1244,1,1,0,0,1,0,3,0
3132,0,1,1,1,1,1,3,3
2488,1,1,1,1,0,0,5,2
1052,0,1,1,1,0,0,6,0
2927,0,0,1,1,0,0,2,2
2090,1,1,1,1,1,0,4,1
2131,1,1,1,1,0,1,4,2
3362,1,0,1,1,0,0,1,3
1053,0,1,1,1,1,1,4,1
1799,1,1,0,0,1,0,8,1
3124,1,1,1,1,0,0,5,3
1672,1,1,1,1,1,0,2,0
1552,0,1,0,1,1,0,4,1
1938,1,1,0,1,0,1,6,1
3202,0,0,1,1,0,0,2,3
1302,0,1,0,0,0,0,1,0
2296,1,1,1,1,1,0,4,1
575,1,1,0,1,0,1,7,0
2359,0,0,0,0,0,0,6,1
3314,1,0,1,1,1,1,5,2
440,0,0,0,1,0,0,3,0
2002,1,1,0,1,1,0,6,1
3167,0,1,1,1,1,0,6,3
3480,0,1,0,1,1,1,2,3
595,1,1,1,1,0,1,2,1
2466,0,1,0,0,1,1,5,2
1337,1,0,0,0,1,0,6,1
1462,0,1,0,1,0,1,1,0
503,0,0,0,1,1,0,8,0
2066,1,0,0,0,0,0,7,1
708,1,0,0,0,1,1,5,0
2029,1,0,1,1,1,1,7,1
308,1,0,0,1,1,1,5,0
552,0,0,0,0,0,1,4,0
2082,0,0,1,1,0,0,2,1
3314,1,1,0,0,0,1,5,3
3996,1,1,1,1,1,1,4,3
1795,1,1,1,1,1,1,4,1
594,0,1,0,1,0,1,5,0
2473,1,1,1,1,0,1,5,2
690,1,0,1,1,0,0,5,0
3845,1,0,1,1,1,1,2,3
2004,0,1,1,1,1,1,7,1
2083,0,1,0,0,1,1,5,2
2661,0,0,1,1,1,0,6,2
1903,1,1,0,0,1,0,3,1
2466,1,0,0,1,0,0,1,2
3779,0,0,1,1,1,1,1,3
3904,1,0,0,1,1,1,3,3
265,0,1,1,1,0,0,6,0
1417,1,0,1,1,0,1,1,0
1769,1,0,1,1,0,0,7,1
2948,0,1,0,0,0,1,1,2
2572,0,0,1,1,0,1,3,2
3267,1,0,1,1,0,0,7,2
1459,1,1,1,1,1,0,4,1
1633,0,0,1,1,1,1,8,2
2052,0,1,1,1,0,1,4,1
1086,1,1,1,1,1,0,4,0
2402,0,0,1,1,1,1,2,2
3376,0,1,0,0,1,0,2,3
1507,0,1,0,0,0,1,7,0
641,0,1,1,1,0,1,3,0
3451,1,1,0,1,1,1,1,3
1607,1,0,0,1,1,1,7,0
3521,1,1,1,1,0,0,1,3
1241,0,1,1,1,0,0,2,0
881,0,0,0,0,1,1,7,0
2563,1,0,1,1,0,1,7,3
3033,0,0,0,0,1,0,3,3
769,0,1,1,1,0,1,7,0
3454,1,0,1,1,0,1,4,3
819,1,0,1,1,0,0,4,0
435,1,1,0,0,1,1,6,0
586,0,0,0,0,1,1,7,0
650,1,1,1,1,0,1,6,0
3038,0,0,0,1,0,0,4,3
3736,1,0,1,1,0,0,5,3
2948,1,0,0,1,1,0,1,2
739,1,0,1,1,1,0,7,0
686,0,0,1,1,1,0,2,0
841,1,0,0,0,1,0,2,0
1183,0,0,0,1,0,0,8,0
3943,0,1,1,1,1,0,3,3
1037,1,0,0,1,0,0,7,0
2633,1,1,1,1,0,0,4,2
3911,1,1,0,0,0,0,3,3
1958,1,0,0,1,0,0,7,2
3297,1,1,1,1,0,0,8,3
3141,1,0,1,1,1,1,3,3
3351,0,1,0,0,0,1,6,2
2355,1,0,0,1,1,1,7,3
1308,0,0,1,1,1,0,3,1
991,0,1,0,1,0,0,5,0
3248,1,1,1,1,0,1,8,2
1519,1,0,0,0,0,1,4,0
493,0,1,1,1,1,0,6,0
1747,1,0,0,0,1,0,6,1
2517,1,1,0,1,1,1,4,1
1389,0,0,1,1,1,1,1,1
2522,0,0,1,1,0,1,5,2
1885,1,1,0,1,1,0,5,2
704,0,1,1,1,1,1,7,0
953,1,0,0,0,1,1,6,0
3206,1,1,0,0,0,0,1,3
928,0,1,0,0,0,1,1,0
2177,0,1,0,0,1,0,4,1
2610,1,1,0,1,1,1,3,2
489,0,0,1,1,0,1,7,0
3839,1,0,1,1,0,1,8,3
1861,0,0,1,1,1,1,1,1
299,0,0,0,0,1,0,2,0
340,1,0,1,1,0,0,2,0
3606,1,1,1,1,1,1,5,3
799,1,1,0,1,0,1,4,0
2367,1,1,0,1,0,1,6,1
445,0,0,1,1,1,0,3,0
3927,0,1,0,1,0,0,1,3
3756,1,1,1,1,1,1,5,3
770,0,0,0,0,0,1,4,0
1641,1,0,1,1,0,0,1,1
2343,1,0,0,1,0,0,8,2
2787,0,0,0,1,0,1,4,2
2495,1,0,0,0,0,1,5,2
3208,0,0,1,1,0,0,5,3
1234,1,0,0,1,0,1,7,0
1069,0,1,1,1,0,0,8,1
3568,0,1,0,0,0,1,5,3
3585,0,0,0,1,0,0,5,3
1974,1,0,0,1,1,0,4,1
2419,1,0,0,0,0,0,3,3
340,0,1,0,1,0,1,2,0
2282,0,0,1,1,1,0,8,1
298,0,1,0,1,1,0,4,0
968,0,0,1,1,0,0,2,0
2391,0,0,0,1,1,1,3,2
1534,1,0,1,1,0,0,2,1
696,0,1,1,1,1,0,7,0
2782,0,1,1,1,0,0,7,2
755,1,0,1,1,0,1,2,0
3746,1,1,1,1,1,0,6,3
2651,1,1,0,0,0,0,1,1
1341,0,1,1,1,0,0,8,0
2651,1,1,1,1,1,1,3,2
1824,1,0,1,1,1,1,5,1
1905,1,0,0,1,1,1,6,2
1456,0,0,1,1,1,0,7,1
3155,1,0,1,1,1,1,7,3
773,1,1,1,1,1,0,3,0
1829,0,1,1,1,0,0,7,2
3883,1,0,1,1,0,1,8,3
1675,0,1,1,1,0,1,1,1
1601,1,1,1,1,1,1,3,1
1958,1,0,1,1,1,0,8,1
2376,0,0,0,0,1,0,4,2
1647,0,1,1,1,0,0,2,1
3548,1,0,0,0,1,1,5,3
2694,1,0,0,0,0,1,4,2
2195,1,1,1,1,0,1,1,2
2506,1,0,1,1,0,0,5,2
2073,0,0,1,1,1,0,4,2
3767,0,0,0,0,0,1,6,3
1150,1,0,1,1,0,0,6,1
841,0,0,0,1,0,0,6,0
1675,1,1,1,1,1,0,5,0
1301,1,1,1,1,1,0,8,0
1817,1,1,0,0,1,0,6,0
2321,0,0,1,1,1,0,6,2
1974,0,0,0,0,1,1,7,1
3433,1,1,0,1,1,0,7,2
1205,1,1,1,1,1,0,3,1
872,0,0,0,1,1,1,7,0
2052,1,1,0,1,1,1,8,1
3654,1,1,1,1,1,0,1,3
1503,1,1,0,0,0,0,4,0
3104,1,1,1,1,0,0,5,3
343,1,1,0,0,1,1,5,0
3430,0,0,0,1,1,1,5,3
2470,1,1,0,0,0,0,4,3
1396,0,1,0,1,1,1,6,1
2668,0,0,0,0,0,0,6,2
1457,1,1,0,1,0,1,5,0
2452,1,0,0,1,0,0,7,2
1871,1,1,0,1,0,1,3,1
1112,0,0,0,1,1,1,4,1
967,0,1,1,1,0,1,8,0
2498,0,1,0,0,0,1,2,2
387,0,1,0,0,1,0,6,1
635,0,1,1,1,0,0,2,0
2711,0,1,1,1,1,0,8,2
2023,1,0,0,1,1,0,5,2
2215,0,1,1,1,1,1,7,1
824,0,0,1,1,0,0,6,0
3851,0,1,0,1,0,1,1,3
2156,1,1,1,1,1,0,2,1
2885,1,0,0,1,0,1,8,3
495,1,0,0,1,1,1,7,0
2358,0,1,1,1,1,0,2,2
1744,1,0,1,1,0,0,5,1
1832,0,0,1,1,0,0,3,1
2016,1,1,1,1,1,1,8,1
1300,0,0,0,0,0,1,3,1
2313,0,0,0,0,1,0,6,2
3248,0,1,0,0,1,1,5,2
2216,0,1,0,1,0,0,7,1
3142,1,0,0,1,1,1,5,3
1850,1,1,1,1,0,0,2,1
1424,1,0,1,1,1,0,4,0
1620,1,0,0,0,1,1,1,1
2592,0,0,0,0,0,0,3,1
296,1,0,1,1,0,0,1,0
3579,0,0,1,1,1,0,8,3
1180,1,1,0,1,1,1,3,0
3962,1,0,0,1,1,1,5,3
3978,0,0,0,1,1,0,1,3
668,1,1,1,1,1,0,6,0
2032,1,1,0,1,1,1,4,2
3057,0,1,1,1,1,0,8,3
869,0,0,1,1,1,1,5,0
3919,1,1,1,1,1,1,6,3
